otel_yildizi,sehir,oda_sayisi,denize_yakinlik,mevsim,ortalama_puan,fiyat
4,Izmir,92,1.5564652577722244,Sonbahar,2.465118902856064,1561.8967935278101
5,Izmir,71,1.5696036463842251,Bahar,6.356915507141872,585.2848125982487
3,Izmir,32,3.741646673784857,Sonbahar,2.354250439053977,504.6180795569763
5,Izmir,11,0.3358998962939319,Kış,9.712687433056601,414.92807410305136
5,Bodrum,10,4.524185476440738,Yaz,5.020430745326683,1530.849620913966
2,Bodrum,73,4.276092984516789,Kış,5.513661643151497,1878.973533169405
3,Antalya,78,3.3722429478093923,Sonbahar,3.2199275422486586,1031.9108955521629
3,Istanbul,77,3.0067856935261834,Bahar,5.238642271912601,502.53914239328185
3,Izmir,57,4.4722822408842955,Kış,6.957222693733104,1171.0677952445812
5,Antalya,25,1.0081178796907009,Bahar,7.760594232586385,893.0142426796713
4,Istanbul,2,0.4869488947350602,Bahar,7.784812744389217,937.2023713949961
3,Ankara,64,1.2735998325567368,Bahar,6.201020014246795,1356.2620610647023
5,Bodrum,35,3.9934335656309328,Kış,9.139237974944715,1521.820792545744
2,Istanbul,7,0.2698843069597683,Bahar,8.356670625754983,488.0261180843735
4,Ankara,85,2.9557534919090993,Bahar,7.813433032287628,360.50339237100985
2,Istanbul,18,4.977643829337419,Kış,1.5004496951241455,1990.3615145657152
4,Bodrum,67,4.292910859803943,Bahar,1.0619016599768438,695.6381931564381
5,Bodrum,42,2.6550838763135887,Kış,2.9120254947592565,391.51189234438044
1,Antalya,39,0.4118404555045475,Sonbahar,6.9717123452210705,622.788059463064
4,Izmir,41,4.173730220489978,Sonbahar,4.700777399942912,366.2283387923892
2,Istanbul,75,3.034994690068332,Sonbahar,4.621656333693806,966.0785208491918
5,Istanbul,24,0.6631716855918774,Bahar,8.961281994066525,1664.0830335672513
4,Ankara,60,0.5599006956344454,Yaz,9.060065633186548,880.115564588125
1,Bodrum,46,4.557171415239303,Yaz,9.182577376482271,1055.111791693223
1,Istanbul,19,3.3790812883965846,Bahar,3.8249026886352455,1448.497515064646
3,Bodrum,68,4.163505316652102,Yaz,7.219502314653356,1165.1199191187964
3,Istanbul,90,4.40699661138311,Kış,3.444698631469327,1764.457666236251
2,Antalya,42,2.9016845250367793,Yaz,2.715488497670048,1772.2606475777861
4,Izmir,32,2.6354871235997024,Bahar,2.661692116126323,316.84818233496117
4,Istanbul,39,2.209094310572852,Bahar,4.078968587772346,1622.6787210214386
3,Bodrum,36,1.6530382801764847,Kış,4.869618578018395,1083.2471204108456
4,Antalya,97,2.229520208207688,Sonbahar,8.478542539495615,1981.028920216227
4,Istanbul,36,3.892010313077767,Bahar,2.079019841254409,1121.4945289882398
1,Ankara,3,3.049424811974145,Kış,7.614332626554048,1977.7231071601057
3,Izmir,73,4.473364120778746,Yaz,5.7830942277037485,1582.767914049752
5,Istanbul,8,2.27256207045802,Yaz,3.5915080840839324,722.6283038426208
3,Antalya,97,3.074738935721895,Kış,5.4353762607954215,1215.2714647878279
5,Ankara,70,3.1934070101507452,Kış,3.6994786279932037,1986.6305871135908
1,Antalya,41,2.9993160953009954,Bahar,6.364737597144754,1757.8020331782702
2,Antalya,68,3.5429054881190303,Yaz,4.904595305697198,465.52371944507587
4,Ankara,13,1.263423995036551,Kış,2.4796497617099087,1500.8323945769932
1,Antalya,49,2.6105825099743747,Yaz,2.0492476710012704,887.4852959803821
4,Ankara,60,0.6107015337609036,Kış,5.920261138649171,311.8698451965918
2,Istanbul,2,1.9841055054595818,Yaz,9.12171729957493,985.9176473458994
2,Ankara,60,2.4895686362441958,Sonbahar,4.09561917901917,699.0825169324512
1,Ankara,5,3.2958988717728155,Bahar,7.597000965003609,1692.0777598848017
2,Izmir,44,4.757602157672397,Yaz,6.927952194457903,873.4620350378013
5,Ankara,27,3.043190226086944,Sonbahar,9.38399422878533,1706.790279721489
2,Ankara,32,3.7436101892651434,Yaz,8.388829155692267,301.01649601915204
4,Istanbul,21,2.5807036915264936,Yaz,6.099447330149167,823.2925550444025
4,Izmir,8,3.2071097537440236,Sonbahar,6.9132744841069655,709.9808643231953
4,Bodrum,72,0.4475678590554898,Yaz,9.085478199256315,697.0645138166387
4,Istanbul,50,1.3465187461250505,Yaz,4.595669061282413,415.9172536012866
5,Istanbul,67,1.8730801567051798,Bahar,3.941152352719996,618.1112596978529
3,Bodrum,44,2.415217439531917,Sonbahar,1.0972997527167672,1244.4342688055538
1,Ankara,58,0.3236788529616803,Sonbahar,8.438959667723179,795.3138238241656
4,Antalya,3,0.7861180780112567,Kış,8.208826303630284,1009.5711299595515
2,Izmir,86,1.4563901081773984,Yaz,1.9400906629013623,940.6736965902205
4,Antalya,70,4.860510185415148,Bahar,6.191716430194302,1789.0383724998208
2,Bodrum,2,1.723600334804949,Yaz,5.1758352835019865,1839.0082983178763
2,Istanbul,87,2.4620011847492047,Yaz,2.0683818595820034,1138.0268518149621
4,Istanbul,44,1.0608787924181255,Kış,9.825114043546511,861.2651155365274
5,Izmir,2,3.0928223482712647,Yaz,2.932262987170199,481.5611968040182
2,Istanbul,81,1.4753477560282742,Bahar,1.6051076208150503,1920.7848949495615
2,Istanbul,35,1.1142636343482915,Bahar,6.353626415517186,402.38580633050566
4,Izmir,98,2.6312058793852975,Kış,7.649800094197294,806.0054718660767
2,Izmir,87,0.12697841588606204,Yaz,1.2919910144246827,806.712541989007
2,Bodrum,30,0.13755375998120412,Bahar,6.9284587485432,844.6821864383653
4,Istanbul,8,1.1734371645991033,Yaz,5.79062688356309,579.2876335630958
4,Istanbul,22,0.2799346762540236,Yaz,1.9293850798754357,1631.374432570285
1,Bodrum,44,0.6293261952403878,Yaz,2.5527148925172587,508.24636534218166
5,Ankara,58,1.760417181759883,Kış,6.111768675844725,1379.3413205603767
5,Ankara,36,4.032669829941083,Yaz,3.6672185216195956,510.53824539988966
2,Ankara,69,2.9030383525095744,Bahar,9.444841557861844,419.9105839080261
5,Bodrum,77,2.6120718571864407,Yaz,8.368662065356457,1846.03015626599
2,Istanbul,93,1.5380952337197962,Bahar,9.852104858622967,623.2189027417996
1,Bodrum,31,4.6655932252208006,Yaz,3.3370375505537258,1696.1252627514973
4,Bodrum,47,2.045373702062239,Bahar,9.727512695181794,1225.8724808821307
4,Ankara,55,0.5267545572992803,Bahar,4.881104828124021,432.35608333490836
4,Antalya,80,3.1236259289772264,Yaz,4.127669157823791,1924.2619254447147
5,Istanbul,62,0.6578081280353469,Yaz,1.4531457427241792,719.8339838862173
1,Ankara,30,1.7915933997282913,Bahar,1.4748873207364235,1761.397087099431
5,Antalya,55,2.586318499717264,Sonbahar,7.228101303519892,586.9770098337591
5,Antalya,16,4.383690370957361,Kış,5.121360949906251,1751.70289964115
1,Izmir,12,2.518378243666582,Sonbahar,3.0386946343249512,322.48898193899976
1,Istanbul,17,3.5410679535551552,Sonbahar,6.525732756927094,1170.026776168117
1,Antalya,16,4.964802511095445,Yaz,3.2757230642510007,1608.0523850166467
1,Ankara,12,0.74429668750011,Kış,6.1986857890998035,1889.1523797377317
4,Izmir,8,1.4461844750456458,Sonbahar,4.232878722844213,1845.643631551028
3,Istanbul,84,2.0334227704284675,Yaz,8.411970039506372,1693.3622782309963
3,Bodrum,3,2.166958074840274,Sonbahar,8.386265446901014,1809.9252944242169
1,Ankara,16,2.1140032688011745,Sonbahar,5.296153583101612,638.6734659230301
3,Antalya,30,4.5472939125271195,Yaz,4.157371984015141,783.1133027099389
3,Antalya,23,3.598759957887597,Yaz,4.263038169031851,791.2464923657994
1,Ankara,92,3.0787355490444486,Yaz,8.251430731013961,940.9916827028879
3,Antalya,5,1.6159263175276324,Kış,3.953615345178508,968.6451396548208
5,Izmir,84,4.1365728826843435,Sonbahar,2.881534363361614,1225.7440519129482
2,Istanbul,65,4.779796506276446,Yaz,1.7621950768777614,571.7955977229503
2,Izmir,30,4.12387158449611,Bahar,5.200238087959676,1475.1193284361818
1,Antalya,21,0.10766901543821723,Sonbahar,5.339188890278577,584.863116817661
4,Bodrum,84,3.218366713898695,Bahar,8.568178393626164,827.5244195777308
1,Istanbul,70,0.3505633690662936,Kış,2.991148268014576,1155.6867220304619
4,Istanbul,22,1.3622753796352374,Yaz,4.428921463015599,1653.9489545899114
2,Ankara,82,0.39167103170408124,Bahar,8.27565165004322,1557.0976965058364
1,Ankara,72,3.0585977194520004,Kış,8.412612496740762,1397.4084058978879
5,Bodrum,32,3.4642905761137737,Yaz,4.461499683808913,564.8145429862893
3,Istanbul,33,0.6609894265229351,Bahar,5.132116209580128,1229.9770875464822
4,Bodrum,16,1.9808105269203997,Bahar,3.7295730176435464,448.6590530598053
3,Ankara,76,2.335558893882156,Kış,9.392993905773809,941.5174005543063
3,Ankara,38,1.9083598066284915,Yaz,2.067793891674223,1002.9781014929306
1,Istanbul,98,0.6930225023774459,Yaz,9.40374480701323,367.6794470577815
3,Izmir,14,2.1528441719186295,Bahar,7.154798066518089,765.7797690989521
5,Antalya,36,3.780772434261249,Bahar,5.784149374180581,1924.604094353032
3,Ankara,97,0.44793755621295184,Bahar,1.2939315470604629,1921.1754333104723
1,Ankara,23,0.4928820690013269,Yaz,5.280365726398075,898.9559922293168
5,Izmir,66,1.838379329996323,Kış,4.669732945024591,373.27018521215086
2,Izmir,85,4.714455986932733,Kış,2.450969307776103,604.4613968579087
3,Bodrum,2,3.376005968942279,Yaz,6.907686431505912,966.7702488370182
1,Bodrum,91,3.425482787695568,Sonbahar,9.740358166314572,1911.2254865476907
2,Antalya,73,1.8734079551055385,Kış,6.059699299580726,540.0384080132144
2,Antalya,65,3.0089378769218387,Bahar,7.4327794879955125,1597.9769342359607
4,Istanbul,75,0.14964280173594258,Sonbahar,1.616054073094151,484.76031693697655
5,Bodrum,67,3.2168706274067573,Sonbahar,4.759002962352953,1968.1378815651706
3,Ankara,52,4.57510604312356,Kış,2.047226366480463,948.7480484855295
1,Bodrum,62,3.101609994889614,Sonbahar,6.515162519828594,1617.8987161283953
4,Ankara,23,4.381123107985091,Sonbahar,9.446339423927391,882.404840778924
5,Izmir,26,3.64746797178386,Kış,6.955999592244747,1367.0370911699747
4,Bodrum,68,0.6907362403780822,Kış,1.6912274348297938,626.4273440580624
5,Izmir,82,4.522021205700624,Sonbahar,4.191995844865746,548.2357328048363
5,Antalya,55,0.42557483734329693,Bahar,5.9559704149676636,1894.709037265823
3,Antalya,6,2.716440615484043,Yaz,4.62886980519927,1860.000372437537
5,Istanbul,35,0.7964719065879425,Sonbahar,8.502796094276551,1808.6971983619
4,Bodrum,22,0.15736239258142992,Sonbahar,8.332039042389903,1363.236865283209
5,Izmir,43,2.167967874625431,Bahar,6.506479180928993,1674.055959067673
3,Ankara,15,1.5456994675053657,Sonbahar,4.361121506194348,417.36279274933736
3,Antalya,86,2.481402419608255,Sonbahar,3.2980273638691973,869.1413712141546
4,Antalya,60,2.928279444999299,Yaz,1.9528688639181637,833.2953120871656
2,Ankara,12,0.31432145431384206,Yaz,4.194079151378986,1380.5970473194425
2,Izmir,49,0.7027161461063537,Yaz,4.718552654869476,905.1282149000889
5,Izmir,42,2.8373477426070846,Kış,7.082406325936662,552.4615287942573
1,Bodrum,38,1.7815200305460255,Kış,6.9234384186781615,1313.9940282030243
5,Bodrum,82,3.6729500889922955,Yaz,1.6309732567713127,1684.4526651374385
4,Istanbul,45,3.2962290781005046,Yaz,4.55733383888042,949.6099405819544
4,Antalya,35,4.243461378650544,Kış,2.6360098049562573,524.8568156674189
4,Bodrum,30,3.4932148506792045,Bahar,2.4113143478512513,634.3699354317991
4,Izmir,88,2.206662279211726,Sonbahar,8.445719347635213,703.7216187879528
4,Ankara,30,3.397536449732719,Sonbahar,1.3772369504463178,809.8259080907116
3,Izmir,78,1.449367753851551,Yaz,4.772645883119091,1392.7516198607254
2,Antalya,6,1.6009361440132424,Bahar,2.5138329018986636,1321.6073237141222
4,Izmir,67,3.9660272836118877,Kış,8.913971941106265,1483.3357646639665
1,Istanbul,80,2.2874556303677527,Yaz,6.0133646194753165,916.2533737035724
1,Antalya,7,4.012063668539928,Bahar,3.082425727391632,1700.7960081959632
1,Ankara,52,4.129869630974564,Bahar,5.521845584497388,646.9490239647924
1,Istanbul,14,4.30205545454029,Bahar,7.583377237328042,1097.3692707808618
3,Antalya,73,4.591512655621916,Kış,9.623062080274904,1661.5958266204316
1,Ankara,15,2.211827580515152,Kış,2.9840140382087705,606.2697011454527
4,Istanbul,21,1.6624474097735804,Sonbahar,8.975635949164106,486.767293359331
5,Istanbul,35,2.9527738583111582,Sonbahar,9.408737027507412,1802.2627450695825
1,Antalya,66,1.9187448748443754,Bahar,9.247784900788597,882.9804266906331
3,Bodrum,91,3.045263417321142,Bahar,6.718729211757188,1462.5792123453543
3,Istanbul,2,3.557370726954741,Kış,6.668385889912369,343.0926272486954
1,Istanbul,35,3.473184590611471,Sonbahar,4.628895698654405,1473.0797102960644
5,Ankara,82,1.9353091463985947,Bahar,7.771580940734091,837.3722296298499
1,Izmir,78,0.9176149883238889,Sonbahar,5.781646165158388,394.75945109865097
3,Antalya,20,2.209593758464817,Sonbahar,7.096942641054651,1336.681694631799
2,Antalya,82,0.7987113060013529,Bahar,4.856121134639159,709.3664873243945
4,Bodrum,10,4.461475472400661,Kış,7.583468176388251,957.572311488196
3,Bodrum,25,1.7947995576155016,Bahar,8.420243658440942,436.9873808870731
1,Antalya,66,0.8568527613942866,Bahar,2.317926309425345,550.177526861407
4,Bodrum,25,0.2246940235381793,Sonbahar,8.496367440168052,806.5613003429344
1,Ankara,54,3.264529692803773,Bahar,5.862668786112765,452.5911509522671
1,Antalya,33,3.2208213555282423,Kış,8.60199318181202,1848.4046499667359
2,Bodrum,36,1.7689604162483294,Bahar,4.881715357069131,310.2799734127633
4,Antalya,95,0.4513882553534899,Kış,4.411364368447315,1122.5623720693293
4,Izmir,14,2.107181584986637,Kış,9.235546592655002,509.5206788253374
2,Istanbul,65,1.6249657258106287,Sonbahar,3.2605234079356116,823.0544521125125
3,Antalya,80,3.4178911347015464,Yaz,8.597910927575288,1874.3012516910512
1,Istanbul,54,3.068318322318183,Yaz,5.356185152584637,574.8807405657776
5,Bodrum,52,1.886509268167946,Sonbahar,5.626858982961338,1941.9149435211655
1,Istanbul,3,1.1676735158494516,Bahar,3.7762145334053563,649.850440882017
1,Antalya,99,4.9413762341624,Sonbahar,6.157379805571141,1560.6623843936102
3,Izmir,41,2.324607943860963,Kış,3.9269007664859017,1229.3513503254298
1,Bodrum,6,3.4725437553231617,Yaz,1.3534247281748708,1803.6138369144905
2,Antalya,25,0.7887095411339679,Sonbahar,3.4479874480992043,1241.7885343553226
2,Bodrum,13,2.4793895283310494,Bahar,1.057411390659316,1208.7506725657247
4,Ankara,98,0.2349299273603809,Sonbahar,9.80519308351171,632.2786006262797
5,Istanbul,8,2.576730077761205,Yaz,9.691724888377728,582.5899154878198
1,Ankara,21,4.823685294876741,Sonbahar,4.556397677250745,1858.0315568963742
1,Antalya,98,1.9826128936304213,Sonbahar,7.555337689056814,857.3249380450579
3,Izmir,68,0.2910804616170668,Yaz,4.112254885693825,932.5398334369231
2,Bodrum,25,0.2516833755047833,Kış,7.039838413773785,1591.7002193282603
5,Istanbul,79,2.0011351237396604,Kış,8.248870387413811,875.9999201187725
4,Bodrum,68,0.8841221886696509,Yaz,9.520806202230167,1918.5061592863046
2,Antalya,45,0.21442527200811098,Sonbahar,4.601910482647048,1554.4772072979606
4,Bodrum,60,3.8054467083558667,Yaz,8.049681846604429,1315.629712374814
3,Istanbul,12,2.3467627435212646,Kış,3.393356055689069,1797.5217729260792
3,Antalya,32,1.5172993826660073,Bahar,9.912990734142834,384.33004419412066
1,Bodrum,96,4.510407596780755,Sonbahar,1.2319263888791603,737.0065767216549
5,Izmir,92,0.6690809049825756,Kış,6.4317592585100885,1090.561768175547
4,Antalya,13,4.7840022618810645,Sonbahar,6.935553834861944,685.8635171015858
2,Antalya,31,1.638436915149029,Yaz,7.19241001366716,1564.6388184136583
3,Izmir,78,4.453177994312538,Bahar,2.083488209101801,1862.653652791333
1,Ankara,20,3.054420094749362,Yaz,9.446768051258173,1020.4092038825697
1,Istanbul,18,4.1508660627332885,Bahar,2.6306495114507453,881.6254201902215
4,Ankara,93,4.921664499731275,Sonbahar,6.60478062915857,1934.6362446338626
3,Bodrum,60,1.5131866453118543,Sonbahar,3.0040847121077645,1056.2491358068194
5,Izmir,63,4.8095638784972055,Yaz,3.764947753191438,1131.3822807637816
3,Ankara,6,2.00846128502186,Bahar,5.918126875553119,897.8047829812391
4,Antalya,32,1.9890083332109196,Bahar,4.754740767081188,1846.2324041206352
4,Bodrum,93,1.767896810847078,Sonbahar,2.4420304087885567,1267.2243215791464
3,Bodrum,43,2.752897276003168,Yaz,2.5384276217876347,1595.6967982087958
4,Ankara,2,0.8553107115745868,Bahar,4.763303093465197,1680.071421196507
3,Ankara,60,2.813186278254255,Sonbahar,7.8155468044795064,881.1433712593389
2,Izmir,23,2.75435358080902,Kış,9.081681821630097,1037.2803632446462
3,Istanbul,83,3.8333188817638635,Yaz,1.7571489603344457,1742.4020164906499
3,Ankara,31,4.184884813494169,Kış,4.537935168034609,917.5340978488774
4,Ankara,5,2.258162616530878,Yaz,1.9022100735058896,1649.689726868147
4,Antalya,83,1.5814329218223195,Sonbahar,1.149332325693381,1899.6869483765431
1,Bodrum,34,1.3707409968537632,Bahar,6.95546814379561,1359.457634215612
1,Istanbul,10,1.0536567998538726,Bahar,6.42204497769929,1560.766388668211
2,Antalya,89,0.382473152775222,Bahar,2.467172024333976,1668.6654304699293
1,Izmir,2,1.7779950962900957,Yaz,3.104315497837577,1736.5674031242922
3,Izmir,11,1.424213691440838,Sonbahar,1.2133697828006653,971.5906743565531
4,Ankara,50,4.835445190745396,Kış,8.514524851249632,387.1478805991969
1,Ankara,31,2.8327732486252155,Sonbahar,9.772215364436963,983.1896611024572
1,Izmir,56,1.8016574912494872,Kış,2.2191358311522174,1445.3855906329527
2,Ankara,79,2.9442912448691105,Yaz,3.083276923887683,1065.5956558273479
2,Istanbul,73,0.782063836593908,Yaz,8.815685715522406,1573.2373564626776
3,Ankara,87,2.2758143710907945,Kış,9.338174181605664,906.8701300967286
4,Bodrum,83,3.168548174963213,Kış,4.776646445261293,1379.0650398768503
2,Ankara,9,2.495599375783012,Kış,1.4556022504216672,616.9136682517568
1,Antalya,99,2.068716123206189,Sonbahar,1.3545265032353746,1573.9280422964268
4,Istanbul,21,4.969857105608521,Kış,6.165548794621094,1227.683146982144
4,Antalya,73,4.413542334529742,Yaz,4.536055980038611,646.909460529221
1,Antalya,28,3.1546891949812568,Yaz,1.2578718481988906,796.2489949462724
2,Bodrum,62,2.889949069793186,Bahar,6.249271530813011,1572.634804589115
1,Istanbul,7,3.141236351140462,Kış,1.1017228293012022,1120.4221006245853
4,Istanbul,80,1.0864293283299231,Sonbahar,8.086347623343457,667.2534486682227
5,Istanbul,16,2.0361749419951614,Sonbahar,3.7578954043303443,1944.361023629506
5,Istanbul,97,0.2933517111654067,Sonbahar,1.362322027083089,1515.7125336887095
3,Istanbul,4,2.430175583685451,Bahar,6.29516998884838,1927.1292153176535
1,Bodrum,4,2.7608204613925498,Yaz,4.579159729897492,1026.0785771125834
1,Ankara,40,1.2159737069057273,Sonbahar,9.764203720214345,1107.6705791759248
3,Antalya,17,4.823741351111018,Yaz,5.89778796253332,1826.5238675145326
3,Istanbul,52,4.556327593592486,Bahar,3.477152629333075,1192.5838784171538
3,Ankara,93,3.638501853733939,Kış,7.384949781705773,1502.3741502396342
4,Ankara,52,2.713594480950277,Kış,3.443428022884402,728.6938917424009
1,Antalya,36,4.362848882273656,Kış,9.138189622668087,1059.434996794489
4,Bodrum,38,0.7401964847349684,Sonbahar,4.372497734566387,509.8647718776037
3,Izmir,50,3.9734979919469366,Kış,5.948817064985847,650.1660609908349
1,Izmir,63,0.7116219884375566,Sonbahar,1.4551579344180596,301.60380595497287
4,Ankara,63,3.991632246492087,Bahar,4.835091141570077,366.7505878027224
4,Antalya,62,1.4512610844316494,Bahar,8.491271856948956,1961.3824994007798
3,Izmir,99,4.397743846989126,Sonbahar,8.250839248270077,712.001281732496
1,Ankara,7,4.7258062597444495,Yaz,3.0188670296817364,1427.6282061568033
3,Bodrum,27,0.8291002500850666,Kış,3.034711639095064,1726.4694879593396
1,Izmir,92,2.3671104648204286,Kış,8.35574780991913,1236.1227807021592
5,Ankara,86,4.906838152997157,Kış,9.37358578152393,560.3456501427255
2,Ankara,14,2.4686964362684187,Sonbahar,1.858248291457032,1537.7979434714828
2,Istanbul,71,4.331382860321271,Bahar,5.050527754836027,1320.4273971692912
2,Bodrum,86,2.9847844584434675,Kış,4.0370885106780605,1543.1260018905377
3,Istanbul,5,1.9391165488060493,Bahar,8.836196099116954,1608.5692588570482
5,Antalya,55,1.5003394220767643,Kış,1.751724232120169,1958.1976250640666
1,Istanbul,2,1.0957931463218278,Kış,2.9001334830223366,1275.057576045407
4,Istanbul,62,3.8328111377507166,Sonbahar,7.772215038278449,880.789891574023
1,Izmir,91,1.994048483432837,Yaz,1.4616446408309403,1402.389746730403
4,Ankara,21,2.605249764783681,Sonbahar,5.432818426428604,416.3492057124644
1,Bodrum,79,2.5123948520057917,Kış,4.9789633121174806,1825.5754411466967
5,Istanbul,21,2.9286672432423435,Kış,4.009610610898738,502.94771927493457
4,Bodrum,10,4.341328013560306,Yaz,4.551150837870314,857.3328244058911
3,Istanbul,87,4.905622783558804,Bahar,5.769465282372097,1686.7671470644054
1,Antalya,58,2.097162622011703,Bahar,2.452306225495448,1315.4310431622102
1,Istanbul,39,4.154842718320885,Kış,6.147962904552335,969.1803844716516
4,Izmir,5,3.846186193808117,Bahar,8.248890963699877,1104.8406209375364
3,Ankara,65,2.910291862132309,Kış,7.841448368111431,1752.7305684437065
3,Antalya,13,4.784631003698472,Yaz,2.385099142243963,878.0074563018167
5,Istanbul,85,1.0823251260891738,Yaz,2.343245227673265,1778.4044641806913
3,Bodrum,90,0.635394630517145,Kış,3.41356930970422,449.8285326603756
3,Antalya,85,4.284413638081569,Yaz,4.249672537069335,1620.5573432546723
3,Antalya,53,2.251834101505367,Sonbahar,4.676100232676344,1740.8309761930518
2,Istanbul,82,4.250147385614596,Sonbahar,7.117274951500107,609.0900098234758
5,Antalya,45,4.476142005457533,Yaz,1.5101238894925186,1031.589105032741
1,Bodrum,32,0.4060422087334501,Kış,1.3120543380345975,581.3496169282146
4,Antalya,36,4.4289773386316975,Kış,4.527195066495182,1501.2270192901701
1,Bodrum,81,2.2967633713101687,Yaz,7.274473229241824,1210.0912057048165
5,Istanbul,99,2.601119196120738,Bahar,2.7409180866083434,1380.0496894041457
4,Ankara,60,3.1703033043567306,Sonbahar,6.773540331306266,634.0278438255589
5,Antalya,11,4.6392747729774255,Bahar,3.338453241462695,659.9679654891131
3,Ankara,63,0.19366886270584377,Kış,8.974774979321648,370.54545336684083
4,Bodrum,21,2.4365329947573042,Kış,9.061209498399549,847.5148098327405
3,Antalya,52,3.4698380079097477,Bahar,3.6755848385319383,1251.5659242672473
1,Izmir,55,3.64126409272132,Yaz,3.0699437856691647,1758.489353795459
1,Ankara,26,3.4934089145318294,Bahar,4.701735748596081,1433.7766606797572
4,Antalya,68,0.7587321340997971,Bahar,3.1647842666213384,1040.1737497795775
4,Ankara,34,1.5670383830212382,Sonbahar,7.051454589625333,1920.3041944700342
5,Antalya,52,1.8577060745433662,Sonbahar,8.43458216093457,1522.7168409789142
5,Istanbul,82,4.041742317629574,Bahar,7.057829178200953,1881.280844866335
3,Ankara,99,1.46592337483131,Bahar,8.419154025244145,1196.8995545626817
4,Izmir,93,1.1324543229492956,Kış,4.572929459867267,740.1372671483373
1,Izmir,52,4.791495293286672,Sonbahar,2.4068527363797476,389.80536682002736
5,Bodrum,29,0.14343009705599763,Sonbahar,7.641558526578329,1534.3442475225459
5,Antalya,38,4.989322192841693,Kış,4.2442705462739845,506.215096609408
1,Ankara,42,3.4164243644012386,Yaz,7.041437427062193,814.7177180623441
5,Bodrum,21,4.159499567300673,Sonbahar,3.435795477835891,1205.2005434026255
3,Ankara,42,1.5436350420963467,Sonbahar,1.731066713260054,1259.508199225571
4,Antalya,13,0.1701448605685939,Yaz,9.933236159389871,1320.9914348781313
1,Izmir,64,3.7155606409514976,Sonbahar,2.4058135713753934,582.6340615944911
4,Istanbul,17,4.187308525303311,Sonbahar,9.89578894567133,945.5535881968028
5,Izmir,9,3.728333046572244,Yaz,9.795519393098026,1349.2301860988434
5,Bodrum,41,0.7999664077741091,Yaz,8.144362935172357,1948.692069877434
1,Istanbul,1,3.7917968190591487,Bahar,6.934806658737978,1536.9729340894708
3,Bodrum,2,3.867721632327441,Kış,6.200263452259763,1868.4263870597283
2,Antalya,60,3.3268485267832695,Kış,8.794913908400513,1595.7604991341009
1,Istanbul,48,3.853968070698373,Yaz,3.6049556945753913,1305.9188471170808
2,Bodrum,29,4.245015054420888,Yaz,5.209130912363893,626.4397275317857
2,Antalya,97,3.1066601597635466,Sonbahar,6.574509724298517,1433.3656082172722
3,Izmir,10,0.5341630984514274,Bahar,4.70071428282542,1359.745262131842
2,Antalya,58,2.4893762673693334,Bahar,4.847378086812412,1324.197589777353
2,Ankara,60,0.48048173989086485,Yaz,3.9725620075187598,1132.6359755800092
3,Antalya,21,2.096960852058911,Sonbahar,6.078086350160825,1198.7162267817685
2,Antalya,28,2.0948217967155753,Sonbahar,8.655170752136044,868.552296100777
2,Ankara,75,0.42344823628718375,Kış,2.813755402056816,1182.8315774919154
2,Bodrum,34,1.809220616450449,Kış,9.409897348780973,635.8450396534131
1,Bodrum,8,0.6438906840774428,Sonbahar,7.201788883734067,1668.7964755126404
1,Antalya,59,4.060352529045189,Kış,8.409458914120272,615.8208229878032
1,Ankara,86,4.743671327225907,Yaz,6.005716233670105,444.4426928120929
3,Ankara,72,0.45435072876389915,Sonbahar,8.015650312816572,1041.6182448071677
5,Izmir,49,4.780064515729337,Kış,1.1458035760552048,1419.1226471603052
2,Bodrum,79,2.6606253367500514,Bahar,8.365423823015817,1044.1186023870205
2,Istanbul,17,1.5678718219739822,Sonbahar,1.3612497317682988,770.4820243172246
3,Bodrum,60,0.47662416885320125,Sonbahar,9.009220387265762,1248.8910126137494
2,Bodrum,87,2.5530589135450477,Bahar,9.927664725147789,889.9039702007399
1,Izmir,88,3.993126168004669,Yaz,3.6466071595910003,1885.8750732152762
5,Istanbul,45,3.5647237386068213,Bahar,2.8928670065721427,1868.4967373260724
4,Izmir,83,0.3461074561734715,Sonbahar,7.888270274722366,1154.0320939525623
2,Istanbul,69,0.4572189933027272,Yaz,3.277237068282279,857.4027898310395
1,Antalya,32,2.074079084899922,Kış,8.790061448549832,1553.1251037262864
4,Istanbul,44,1.5469234208349223,Kış,1.9255833294172904,362.4120039212133
5,Izmir,65,1.2386831829746345,Kış,2.1335967674142244,1107.107310274207
4,Bodrum,87,1.4769220446526967,Sonbahar,9.81236399590554,871.749770259567
1,Istanbul,8,4.037065442154735,Bahar,7.064550084430042,1864.911004674343
4,Istanbul,77,4.653217462796084,Yaz,8.621985019860574,320.40514636356033
3,Ankara,72,2.0850032031850754,Kış,3.918964396163662,1239.7852887211934
4,Bodrum,87,4.539943910449235,Yaz,7.08835374568544,1559.1280878132643
2,Antalya,43,1.6753289361146217,Sonbahar,6.348176445777375,1124.53057879087
2,Izmir,1,2.434541233084579,Kış,6.428351081106523,445.1851512766268
3,Antalya,51,1.2075420892983988,Sonbahar,7.142792135839494,1953.1843630474339
1,Bodrum,24,3.238332606661636,Bahar,6.178232558161887,1180.6177333393666
2,Istanbul,99,4.897007464356563,Sonbahar,4.861561323723993,1344.1166153423194
5,Istanbul,24,3.057116170612556,Sonbahar,3.4833042494249216,702.2366306027625
2,Bodrum,17,1.8532890121563896,Bahar,7.917231978218818,1121.9467446815665
2,Istanbul,5,3.2743054853535893,Yaz,3.036451870028676,1029.5541363291472
1,Istanbul,20,0.7023113244803991,Bahar,7.231188755389727,427.32293140337237
4,Istanbul,21,4.454429493300453,Bahar,3.09999540384394,480.47260103069425
2,Izmir,58,2.5651113588211985,Sonbahar,6.627971529590085,1723.7032833519168
3,Izmir,31,2.3018137359942465,Yaz,7.723704404161261,707.6939187512035
4,Ankara,11,2.9707374634222443,Kış,2.968425000158853,631.429061547672
5,Antalya,52,3.1614409276680724,Bahar,1.5394897077517746,1158.3494671252367
1,Bodrum,15,0.45170145050991384,Yaz,2.178763686947567,1606.870123316272
5,Bodrum,83,3.444824383994672,Bahar,6.453972705439229,405.30908158427945
4,Bodrum,7,1.2854652335460952,Bahar,8.64501765603162,1280.573463385035
4,Ankara,28,3.5983678992822905,Bahar,1.4049713911188193,502.6577528289747
4,Izmir,51,4.130420492482564,Bahar,7.6073613313748165,361.9837864035514
5,Ankara,58,4.03939668700735,Sonbahar,4.071867813550469,389.66471867576956
4,Bodrum,5,2.807254740298657,Yaz,5.306755329275703,1718.0789839543502
5,Antalya,5,2.648832472322681,Yaz,9.35973594861009,500.5532221677047
4,Istanbul,94,0.8000922105631174,Yaz,3.987743542622609,376.7573195008963
3,Izmir,96,3.8991961369753647,Bahar,5.188032405455375,1044.4298081429508
4,Izmir,8,1.4299059641889005,Sonbahar,1.12314173284613,1734.7889023014422
5,Ankara,64,2.5338075718079383,Bahar,1.7343884800435454,746.0942400318133
2,Izmir,10,1.492943055344832,Bahar,3.327324320213056,1016.9114497940578
4,Bodrum,38,0.7557589786984964,Yaz,1.2506701673896696,367.8683053583771
2,Bodrum,96,3.1848327147695095,Bahar,6.682377934434259,1063.4334740292888
3,Ankara,92,0.36622697063222875,Kış,4.837585211214603,1281.942237083127
1,Bodrum,81,3.7683616472183803,Bahar,5.933306824552198,1270.5419913786461
3,Antalya,95,1.6561752967794718,Kış,2.571824673066966,865.1253766964207
4,Ankara,8,0.10065999572197808,Bahar,3.6633882649295453,836.4064071273303
2,Antalya,25,2.6045327822624262,Sonbahar,6.974420273674526,481.2601521922164
2,Istanbul,73,0.32957435178525535,Sonbahar,9.687724512673599,923.5571450986563
5,Antalya,66,1.4532308333224075,Yaz,1.4537509624198828,469.14093708403993
2,Istanbul,79,3.5641847885330096,Bahar,9.013458887697395,1603.2131060104878
5,Istanbul,50,0.4071791459471428,Kış,6.1919308118008765,1942.666306171916
1,Antalya,67,4.212758612544412,Kış,6.075276100800614,1949.1265763334018
4,Ankara,49,0.11871762102705724,Bahar,5.502506816869843,1770.6208689381695
5,Bodrum,36,1.3094369590893211,Kış,1.6245467731376504,1321.3466538773525
1,Bodrum,68,3.7304298751451506,Sonbahar,1.808891665625446,1491.4716853145958
2,Istanbul,78,1.6497237336736035,Kış,6.4082080509317745,784.8498645567039
2,Istanbul,41,0.5992727015234663,Yaz,4.0686271429200245,1372.309714293455
1,Ankara,89,1.8651462021220968,Sonbahar,9.255412599199126,1074.6042340477916
2,Izmir,62,1.4249271032841753,Sonbahar,4.65931483623525,1119.4294776207853
1,Antalya,10,4.229288320586719,Sonbahar,2.28953312832377,1588.2201526377685
5,Istanbul,21,1.6354047961672016,Bahar,7.432469501518324,779.2612045153278
5,Bodrum,36,3.9657691117024356,Bahar,3.6401807929690886,840.6673398806838
1,Ankara,12,4.4701735095726,Sonbahar,5.7292327662030385,1871.8910449186824
5,Antalya,91,2.225705355924995,Bahar,7.2804950695465305,395.5813012466528
5,Ankara,2,4.558721404886521,Kış,9.102377000818633,1125.5783073026787
5,Antalya,13,1.9488584644196452,Bahar,8.129720753215086,1851.7613606933648
3,Antalya,53,4.82398424080153,Bahar,7.087249610854517,1337.6171132908669
4,Istanbul,32,0.5375186701753074,Sonbahar,7.116698641556292,1228.8920261606245
2,Ankara,95,3.46639440586589,Yaz,9.513321796288778,724.5651046899038
3,Ankara,16,2.519688798238951,Yaz,3.662416877468824,883.568331409562
5,Bodrum,32,1.999479146732671,Yaz,1.0100088477656866,1748.482306867978
1,Bodrum,32,3.2002882058681448,Kış,3.4475910345837883,1250.6708240063788
5,Istanbul,98,3.548899749008223,Bahar,2.961022416640696,1175.0617293865257
4,Istanbul,11,0.12138002128651454,Yaz,6.956511266025983,469.2855130180492
5,Izmir,10,0.9180701348612738,Sonbahar,6.703404397889761,327.2478659737093
1,Bodrum,15,3.593925648108162,Yaz,6.341152444342514,1938.2648207679836
4,Antalya,17,3.365288526533212,Yaz,1.1461909888850834,940.8764843876307
5,Ankara,40,4.833632775130519,Bahar,7.5590024900558275,1325.4622055691573
4,Istanbul,18,3.829085172228837,Bahar,3.9117737123694236,435.5156244183845
2,Ankara,55,4.758786267883556,Bahar,6.98550390105968,1461.2942857291791
2,Ankara,73,3.5424484575205546,Kış,6.0092058565193796,1885.3634048001336
5,Izmir,25,1.5604558223332716,Kış,4.084578328851165,1278.6309300956134
4,Bodrum,59,0.6162881190291968,Yaz,2.2111864039369697,514.3960480381979
1,Istanbul,78,3.930936930390185,Bahar,1.8497700789443285,1288.9265967049105
5,Ankara,89,3.2563311852319883,Yaz,8.483664998010012,1602.790262277909
2,Istanbul,22,0.33611146072715153,Sonbahar,9.265577878734021,990.9081121758318
2,Antalya,30,1.864247282914794,Sonbahar,6.848092420878697,1795.7241715004955
5,Izmir,84,4.788319095873002,Bahar,1.9309070337443504,1402.7610207075197
4,Antalya,85,2.5519656139799864,Bahar,4.618244951994166,1828.7231610916442
2,Istanbul,44,2.220372766496553,Sonbahar,7.560452800946415,1359.9590291204734
4,Istanbul,32,2.3427280652805407,Bahar,8.018387956090613,523.1895524082012
2,Bodrum,51,1.1235253476253024,Kış,2.0639676006197973,826.4759088788215
2,Ankara,46,1.9066651372374968,Kış,1.0002764696084419,643.0514120291768
3,Ankara,21,1.9120849543371656,Bahar,7.409233412925445,1845.0050461186659
2,Antalya,99,0.35653959891861475,Sonbahar,4.209365583875851,1592.6801143887205
1,Izmir,32,3.8610813797378,Yaz,3.290331984564342,1449.8772271470102
5,Ankara,94,2.1408717163290074,Bahar,1.116077228105729,811.6427433737568
5,Bodrum,39,4.128681445400474,Bahar,5.8626946608534976,612.8761124853629
4,Antalya,12,4.266705205487487,Yaz,8.660356618833836,1585.96684958115
2,Antalya,47,1.1387708680234248,Bahar,9.61868481645329,1106.0685079944355
1,Bodrum,18,3.3210320626336305,Yaz,6.091704555519603,683.8422386560695
4,Izmir,21,2.4141808403986107,Sonbahar,5.630151949659048,1348.2573628809675
3,Bodrum,13,4.412768015815277,Kış,1.76550746940317,368.5675486353683
4,Izmir,21,1.1571293279646253,Sonbahar,5.939855213883398,854.4894320180309
4,Bodrum,8,3.421284681519217,Kış,4.419811710688552,1096.5468908049288
2,Bodrum,46,3.077985399038341,Yaz,6.464217527952193,551.52916798599
3,Istanbul,7,1.5469772401019808,Kış,4.49853713088892,1973.9126119044272
4,Antalya,23,0.7693444278907459,Sonbahar,3.1626921110533006,655.4655198023443
1,Bodrum,96,3.2930348263386553,Kış,1.8546874770553885,521.6003210735514
1,Bodrum,75,3.719127544848421,Yaz,3.834266001300062,646.0092856077239
5,Ankara,86,1.6465739844404153,Kış,1.8698035085897704,1607.4039263715313
3,Antalya,22,3.259679759709338,Bahar,2.5920725574158556,1023.3596207621327
3,Ankara,89,2.036141447296366,Sonbahar,9.886025427215912,1261.2070975793144
5,Antalya,22,3.594713728084827,Bahar,4.996932012159568,335.7155668768133
4,Ankara,92,1.0761548469808604,Yaz,5.786845898545149,358.53322457463474
3,Bodrum,29,4.4620535129172545,Kış,8.862566758634937,1057.9034347059273
1,Bodrum,13,1.5083070226813409,Bahar,9.960120104416191,1688.31391344276
1,Istanbul,82,1.9021513400051495,Bahar,6.244430044102134,1804.9060938028608
2,Ankara,2,0.384650565193714,Kış,8.312264389397544,447.40116491258834
3,Izmir,29,0.6464098403742543,Kış,3.9424692190300776,1215.2172735717386
4,Istanbul,85,2.6277233232904083,Sonbahar,3.7516956170256197,1852.4904666747598
5,Ankara,79,1.4112041159670605,Bahar,4.6243334889510415,959.5536824764068
5,Ankara,52,4.1938531061367526,Bahar,7.0525653640628425,1710.2619134282265
4,Istanbul,27,0.17199760440927384,Yaz,7.139725203295889,527.2826124790415
2,Bodrum,50,1.9575608384924876,Sonbahar,3.837154911845057,1890.1706324352579
5,Ankara,95,1.7529931791685542,Yaz,2.198889317229658,1577.4196398032145
3,Bodrum,79,0.19470539149624508,Bahar,6.691566308189577,1900.2684677377329
2,Istanbul,23,0.7094051551025001,Yaz,2.1549327596988808,1450.249297039261
3,Bodrum,88,2.126849107101313,Bahar,6.206432574063971,917.786684399026
1,Antalya,44,2.5150364637924887,Bahar,7.2407991525067805,1894.907993292028
2,Izmir,77,2.0810197615488586,Yaz,7.305503467550064,768.4635197256034
5,Ankara,22,2.70159462421926,Yaz,7.78124899593637,864.6932875049453
2,Izmir,43,3.0161452070378396,Kış,8.855734794090981,1491.3743106029585
2,Bodrum,37,0.1486267235263946,Kış,5.499630927683096,1601.0377091931566
2,Ankara,61,2.374066281322169,Kış,7.572242705766141,1879.9859225435616
2,Bodrum,97,4.821146280349183,Bahar,6.57255461829253,648.1640953955562
3,Antalya,56,2.643258172634789,Yaz,2.6797594581791433,1656.5966598726807
1,Istanbul,3,3.419957110548871,Sonbahar,1.2312068038246735,1555.5282907748378
4,Ankara,63,1.628132903792728,Bahar,3.560872471092404,408.4507456311164
2,Antalya,19,3.892557752948537,Sonbahar,4.9873033570385745,958.2793400573519
5,Antalya,23,3.887315261192964,Yaz,6.553953499857907,780.7012770021677
2,Ankara,29,2.654350633505281,Bahar,8.649633974528848,817.6337214018516
5,Bodrum,30,4.882467734068147,Sonbahar,2.766211450355491,1971.0096952429915
3,Antalya,39,0.7151960523370016,Sonbahar,2.129948109086294,1392.7216029158774
5,Izmir,25,0.1830435579589469,Kış,9.671319527268947,1520.0494682489493
4,Antalya,8,3.8737752376097707,Kış,1.972401034387664,1960.2499834355156
1,Bodrum,58,4.055062133087925,Kış,5.306419630964703,941.2430301779858
5,Bodrum,16,0.6890154226908236,Bahar,6.270073559139717,1663.12828636977
5,Izmir,72,1.40135588149717,Yaz,5.872369788166944,1038.7026376176423
1,Antalya,1,0.18600658049648167,Yaz,1.7742894132964888,1778.2072420854656
4,Bodrum,5,1.5372121928247673,Kış,1.5132422260325744,607.1178202292153
2,Ankara,3,3.888395182201491,Kış,1.949350847149321,1911.0665010092753
5,Istanbul,65,2.6380065857916373,Kış,6.270289154853512,671.9119042984955
1,Istanbul,4,1.8056684065246118,Sonbahar,5.89910398870889,854.5748618675835
3,Istanbul,99,1.9215225450410187,Kış,3.1036671283306982,1585.526797981527
1,Antalya,96,0.10663276600579397,Sonbahar,6.739967276610324,969.3837406611914
3,Izmir,64,1.5690225850696562,Yaz,8.380607518500845,1333.9593405029593
4,Bodrum,98,3.2676478340258597,Bahar,1.3742106386193438,1055.7749518180285
2,Ankara,89,4.8735527747001495,Bahar,5.483169491932381,1562.0288930526292
1,Ankara,10,4.2505980522211075,Bahar,7.203793708924213,688.1631290266384
5,Antalya,21,0.21561532676309275,Bahar,3.2708073436271836,399.3785783026909
4,Istanbul,46,4.502946962906713,Sonbahar,3.769938147638342,809.8799757042126
1,Antalya,91,3.9376722251632676,Sonbahar,6.522741126904454,1106.3247302763316
5,Izmir,27,3.923843005497804,Kış,9.081417640993632,585.6340887275535
1,Izmir,66,2.3441792191175006,Sonbahar,8.289319782726094,903.1553924158608
3,Bodrum,41,2.050225935477064,Kış,6.248171971896252,979.9711310990665
1,Bodrum,13,1.584287071282644,Kış,7.571995459815243,397.56613427006505
1,Izmir,9,0.42190480887639237,Bahar,4.283402231870188,1291.6223219131477
1,Izmir,36,1.2183532811191258,Sonbahar,6.76868975288882,1803.3838275511887
4,Izmir,86,1.3083578113923209,Sonbahar,5.195634320148013,557.962952020189
1,Antalya,90,2.471977641579988,Kış,2.7094252281180484,1316.273622782574
5,Izmir,58,3.7624775923238007,Kış,7.315644464895315,1430.0566483484386
3,Ankara,54,2.4216681591499385,Yaz,6.008181736139398,1012.8689567127902
3,Istanbul,12,0.38343780229108704,Yaz,4.227594237582323,1491.865898519259
1,Izmir,81,4.793170024842199,Kış,9.202052710707676,998.2436239347205
4,Istanbul,78,4.71934916356115,Yaz,1.1884070604405994,1157.8833895616394
4,Antalya,14,3.9474287614272017,Yaz,3.841958361245464,312.50017574252587
5,Istanbul,34,4.957506717664681,Kış,1.511932579998819,1475.924194028971
1,Antalya,53,2.767963430721289,Kış,7.898745845994645,1424.2825542060316
3,Ankara,20,4.81756491624071,Sonbahar,7.3189670870241335,365.28149145478574
4,Antalya,75,0.47046469902207877,Kış,3.9821699686268532,926.0251825717262
1,Antalya,16,1.8918356664807197,Kış,7.080966119863657,1964.3541293458345
4,Bodrum,95,1.2043682132331528,Bahar,4.563435035763549,1015.2521563666486
4,Izmir,70,1.0595821122579232,Sonbahar,7.806284122801909,1153.3071887241308
3,Izmir,56,0.7899344495741129,Sonbahar,5.0876529646303545,1846.8812688715216
2,Ankara,83,3.149826843673384,Sonbahar,4.71051755048499,1519.3451889717858
5,Ankara,58,3.928477093161795,Bahar,9.412569239394708,1289.51922291118
5,Izmir,4,2.9336621571597674,Kış,3.2579118990163023,1656.2679582798232
3,Bodrum,4,0.8201172769822275,Sonbahar,2.084026059969089,1769.4226529751545
4,Izmir,20,4.074506472674008,Sonbahar,6.260888019335123,1076.7097219533537
1,Bodrum,10,3.21617806510227,Yaz,9.72389631055761,1107.6842203841202
4,Ankara,24,2.002011960022278,Sonbahar,4.40055292354468,956.2865906081208
3,Istanbul,99,3.403238448126709,Kış,1.5583308726590337,1943.400438031383
5,Ankara,26,1.373534398289881,Kış,4.0537474057861065,1485.1826322935956
4,Ankara,37,1.7914418216216317,Yaz,5.553384888876026,441.4792125537229
5,Antalya,85,4.595680631346752,Sonbahar,2.4573070596899234,1767.0313596321314
1,Antalya,54,1.5234720777899602,Sonbahar,6.922919962508429,1116.9518994216558
5,Antalya,21,2.4029425139738896,Sonbahar,9.979744501091805,416.8816409182287
5,Antalya,74,4.461691573240472,Bahar,5.065655283832994,1234.5193337776286
2,Bodrum,38,3.567834616310885,Sonbahar,4.192557010571914,1009.1792742586936
2,Izmir,46,0.40479580820704353,Kış,4.6063375015101995,1792.1739882664622
2,Istanbul,4,0.8217849169669547,Kış,2.03631560555681,646.7908261359585
5,Ankara,60,0.13842379478239242,Bahar,8.949462412836013,1704.989836136711
3,Bodrum,57,3.1915167721229007,Bahar,4.733430899692168,1248.0707750152696
5,Istanbul,45,2.29359978451105,Sonbahar,4.485469702823572,392.8375154628974
3,Bodrum,20,0.7579467694211501,Yaz,6.937212456374269,1952.137012253324
3,Bodrum,17,4.793877193178175,Bahar,4.978300788380112,1171.4459149754398
2,Ankara,71,2.6953326473335375,Bahar,6.8341012192706145,794.4906521936903
4,Izmir,4,1.2852771411531572,Sonbahar,1.5530166111770876,1097.991631381739
1,Antalya,93,2.5529574986580674,Sonbahar,8.323510093500047,1758.3582319797313
2,Izmir,14,3.4301396304020284,Bahar,9.464535575914624,818.335311454608
2,Ankara,3,0.473572168070466,Yaz,6.838888475434474,627.5498740273906
4,Ankara,88,1.4460486937346708,Bahar,9.591093359729296,519.4211197824984
1,Ankara,80,4.054130905331569,Sonbahar,2.3628908293296695,806.3609772633591
5,Istanbul,58,2.3523578649730403,Sonbahar,5.2967457053231835,1626.0817479680738
5,Izmir,55,2.7782279959582454,Bahar,6.416260605509025,1101.764820831945
2,Izmir,4,2.2207984108263994,Yaz,6.23562982679068,686.718726279018
1,Bodrum,24,0.3151097189507251,Bahar,4.613156011801389,582.5144993365736
2,Bodrum,34,0.912173921118764,Bahar,4.042759684296352,865.6401100676445
3,Bodrum,30,2.2831540298352655,Sonbahar,2.1414162029537693,1897.871433905705
2,Ankara,82,1.1250087804988465,Yaz,4.5256820550605035,883.1454114030414
2,Izmir,19,0.34489724043242587,Kış,2.463947335949366,1979.8109291228802
5,Ankara,31,4.233883353853936,Yaz,7.609291088429965,1124.8917748011054
5,Istanbul,60,4.907843392904168,Bahar,2.87947841945131,604.5786610932564
5,Bodrum,60,3.986400082584024,Bahar,1.5270877475608047,1814.938156048966
3,Ankara,19,4.283546116352868,Bahar,5.971295240355109,1082.6041343292059
5,Ankara,49,1.2856879385535225,Yaz,6.357067594474614,1506.4412839576914
1,Istanbul,63,4.8070721800146785,Sonbahar,8.84721755152455,1972.3096914555579
4,Antalya,83,1.0649359518217991,Bahar,6.192834511759137,385.2980955439558
1,Izmir,22,4.762006070772978,Bahar,4.109327683511012,464.3807516388641
1,Antalya,24,4.97461454043316,Yaz,8.227106933736884,1524.7764604866854
5,Bodrum,76,3.5874417481556393,Kış,5.862510038686789,779.1025056023025
4,Ankara,30,4.907604285779927,Kış,1.7135225616807257,613.3123748151684
4,Istanbul,58,2.8907449198788084,Sonbahar,6.09265504281922,366.9151956935401
4,Istanbul,31,1.3717547375628427,Sonbahar,9.172166908794962,337.1394103765431
3,Izmir,64,2.2412798397615425,Bahar,4.566813629483985,1616.6255253036445
5,Antalya,19,3.0084485833560515,Yaz,3.666932217098201,528.536826528235
4,Izmir,48,0.4580996539323735,Bahar,2.2912251131621804,1095.1250471509566
3,Ankara,45,3.1494819966245062,Sonbahar,2.363009697418216,1330.0245858051212
2,Izmir,94,4.9077714001352435,Yaz,4.89494335907637,1028.1980609670386
2,Istanbul,55,1.0315274839402655,Yaz,6.361118417453766,346.0813089715963
3,Istanbul,55,3.9837160698130787,Sonbahar,1.7255386465264158,1631.952554399445
3,Bodrum,97,4.548704089520135,Kış,9.456117301226492,317.8724817208109
5,Bodrum,18,4.724137804819082,Kış,7.7962025570067635,1595.212820441723
5,Ankara,63,4.804664461586691,Yaz,6.279615264552964,1818.6176394398085
2,Antalya,92,2.655152229735213,Bahar,8.455948038450916,1035.8278657971928
4,Izmir,47,4.888808749158368,Kış,1.7216808113090196,1210.422204266257
2,Ankara,75,3.810820014958751,Bahar,5.291549899598119,1110.8717674500112
4,Bodrum,57,0.8921900375611134,Kış,6.67083814175497,961.654651659846
4,Izmir,45,2.436810521693053,Kış,8.457876155064604,1808.6217101296124
5,Bodrum,33,3.61982275932282,Bahar,8.05122604044341,1819.6869681389837
1,Izmir,17,1.3119675475135084,Sonbahar,3.493623247420597,870.8878198906087
1,Antalya,70,3.239014399389548,Kış,9.467921526032839,1345.6185818249867
3,Ankara,4,3.3663423473284344,Kış,2.119112572877833,1875.742855647969
5,Izmir,20,0.8972287446619729,Bahar,8.876202567590369,1935.4994482002976
4,Istanbul,47,2.8689180310185063,Sonbahar,9.738462246441568,1165.2303687174808
1,Istanbul,91,3.8809718637951782,Kış,2.5943817090036303,1069.8021689833554
4,Izmir,15,2.5445887562261156,Kış,7.4985945778340675,773.7803370784939
1,Izmir,70,0.1593052722029264,Sonbahar,1.3625696690019862,1930.082184423697
1,Izmir,47,0.14428849848853167,Kış,4.648805426252395,542.7843176038746
1,Istanbul,78,1.8494437854530599,Sonbahar,5.646549692779066,1285.7102792811324
5,Istanbul,75,4.6383509353157315,Sonbahar,6.225807033186706,780.3354547816862
2,Izmir,9,1.2205162200576831,Bahar,9.423435234237036,774.3140935912543
4,Bodrum,90,3.2083820754712673,Yaz,7.050256185647752,988.4465985395204
5,Bodrum,16,1.188171766397271,Sonbahar,5.331501560973133,1997.9479908866126
5,Antalya,69,1.6761829493317886,Bahar,8.287075326393005,393.4427216276975
5,Ankara,61,4.2554062390472716,Yaz,9.55479538858968,1283.5210909460034
5,Bodrum,10,3.67142106712274,Kış,1.1985953381406176,440.37266865997117
5,Istanbul,50,0.5674564588347322,Yaz,9.842691450304349,562.6854109838823
3,Bodrum,3,2.200639902833525,Sonbahar,1.775189251573123,1047.2570010139277
4,Antalya,77,0.24293184186179592,Sonbahar,8.329481013418853,1167.7822232889503
5,Antalya,94,2.4563617183547444,Sonbahar,3.5230127729627125,739.9470942196908
4,Ankara,70,3.3459266573352338,Sonbahar,2.1896169197848456,837.9771224865075
3,Bodrum,81,0.6806628556309426,Sonbahar,4.9587007574245145,447.8439344350862
3,Istanbul,51,1.515536200654912,Bahar,6.795609215028522,815.4736325352259
4,Istanbul,19,2.049399464960569,Sonbahar,4.428566605211275,1943.1493469469249
1,Izmir,42,4.605702020814643,Bahar,1.4910886745442906,1906.0025488432188
2,Istanbul,35,4.9669495755725235,Kış,6.395150256928449,869.2930932328745
1,Ankara,46,0.3200653650785177,Sonbahar,9.121629484996072,1270.4516916738946
1,Ankara,26,3.8289388251274215,Sonbahar,4.4489382935252655,1846.3121648886054
1,Istanbul,69,1.921447925371482,Yaz,2.946994998677443,310.5124984895243
5,Istanbul,93,2.023045112524452,Kış,4.983196113395339,1678.1620695739061
3,Izmir,64,3.7958983694004114,Sonbahar,1.4352643994390277,1912.2282397411623
1,Istanbul,37,4.600289517512502,Sonbahar,8.384388260322474,455.253748367047
3,Izmir,84,4.759550113062487,Kış,8.437067298551682,574.4610662559658
4,Izmir,49,2.9279006715877722,Bahar,6.292004170866655,1933.2687147113043
2,Istanbul,21,1.849893680572464,Sonbahar,4.177926000445505,1213.8182441885888
4,Antalya,74,3.9589905207080185,Yaz,8.198050280012051,324.1342786019303
4,Antalya,64,1.3299067779852713,Sonbahar,5.992183223095305,737.9743978979996
5,Izmir,5,2.8639627412842374,Yaz,8.433390776950146,1064.9042462570615
2,Istanbul,70,1.8570344614718788,Yaz,6.683129133247186,1477.9451487421052
4,Antalya,90,3.317492261168593,Sonbahar,8.059649258915176,1546.3726428325592
4,Istanbul,4,1.277954673178184,Sonbahar,6.38706693895984,1992.2165719732754
2,Istanbul,39,1.0388054341006463,Yaz,4.7272696139409955,788.7690389523904
2,Istanbul,35,4.599371524709642,Kış,9.621512739335238,1214.974173176408
4,Bodrum,1,0.5988380464527309,Kış,5.870024423909602,1206.6500313613285
2,Istanbul,24,2.5791937479011655,Sonbahar,6.445805666864845,989.5969410603037
4,Bodrum,57,1.1821786365187439,Bahar,2.984388754732743,587.5752195321143
4,Izmir,70,0.29075682029577055,Kış,6.6308571048454885,1961.6761574125323
5,Antalya,41,0.27649220962798937,Sonbahar,6.144468845346495,1750.6392173331963
1,Antalya,54,0.958586683318554,Kış,2.6635455815232243,1147.1661481002034
4,Antalya,46,4.347174737079401,Bahar,1.5362838761782935,1325.5172185628508
3,Antalya,60,1.4841458454874308,Sonbahar,6.439233877432939,686.3437910514259
1,Antalya,60,4.757249935818949,Bahar,7.873230424152885,1224.4380196659697
1,Antalya,57,2.9499492356470487,Sonbahar,5.710612338298074,1481.449226306509
1,Antalya,31,2.239409529866954,Bahar,3.0409536278768114,1175.7839482572008
5,Izmir,84,2.942435289880328,Kış,6.998697790237315,1983.4847899944002
4,Istanbul,24,2.6318220876087124,Kış,1.7209515394864203,1339.2808156211345
5,Ankara,89,3.8180036434108935,Bahar,4.976503343217591,930.6553114066874
4,Bodrum,36,1.4842307232669762,Bahar,2.470300825585782,1612.6584469469249
5,Ankara,85,1.8299469188414819,Bahar,2.6601314595389502,589.7862696887914
5,Ankara,30,4.481062082412929,Sonbahar,2.820645542423833,953.6768833006531
3,Istanbul,24,4.737636914436987,Kış,4.480363513395801,889.830215641896
5,Istanbul,30,4.473535314683725,Sonbahar,1.4603518505835786,1034.0720616832214
2,Istanbul,86,2.1552951703908367,Kış,4.580140968361883,1629.0257040788347
3,Antalya,92,3.923790964733721,Yaz,5.605367024032308,1123.0941546777926
5,Izmir,7,2.4340450931753845,Sonbahar,5.349648564696927,1649.8245654521365
1,Antalya,35,2.537945275515901,Kış,4.445056903627365,1280.031135337772
2,Izmir,55,1.1029325343806915,Kış,8.552319472636771,881.5180389178441
2,Izmir,92,2.996538485966731,Sonbahar,2.3079402317845368,1676.9638642619032
2,Ankara,14,1.0120658989914049,Sonbahar,5.5512706940323655,705.0924399402556
3,Ankara,10,1.7246670254292498,Kış,1.5583727526089888,681.4510656596524
5,Izmir,80,4.289647987937682,Sonbahar,1.6404011099011877,1157.6549708932207
5,Izmir,16,1.1146714651331908,Bahar,6.164792647093867,743.4437181355511
1,Antalya,54,0.44867559734982077,Sonbahar,6.094165823990388,315.44795941706775
1,Antalya,95,0.43813720380279997,Sonbahar,8.902301615600113,1402.1057964079625
2,Ankara,89,4.709844150465229,Sonbahar,6.020863080940659,1168.8594965030766
1,Istanbul,77,2.58391014601299,Kış,9.638119183643651,1057.3802846383742
3,Izmir,70,2.10611915190339,Bahar,1.4382536355993678,1943.846474851136
5,Antalya,44,4.073305046938801,Yaz,1.8820691630266695,1271.0386127369534
2,Ankara,73,4.195547046761528,Yaz,1.3965927541334326,1767.8336822419537
1,Antalya,45,1.7277360622664628,Bahar,2.66749165300186,537.0654015487723
3,Izmir,56,3.498728481621597,Bahar,5.871430998475103,1267.650987320027
3,Izmir,84,3.8785017976742444,Bahar,6.810149632846852,1775.565365442535
1,Bodrum,82,3.3077883656431775,Kış,1.4102664215380192,1291.2797873758266
5,Istanbul,57,0.8428158665204869,Yaz,9.513738008610394,1520.6241028159027
1,Bodrum,21,4.39182710923358,Bahar,8.579488389853429,932.4740652807525
2,Ankara,68,2.741563308406443,Kış,3.669512339413838,457.1641789630132
1,Antalya,50,1.4841148892130183,Yaz,1.6946877720382116,1078.4305017160214
3,Ankara,33,2.1836181086447004,Sonbahar,2.5289836589715153,970.6149644260578
1,Izmir,91,0.2840983429546462,Kış,2.142499723794754,1774.0023100442104
5,Bodrum,7,0.7265473259898461,Yaz,2.1095540136905218,714.7920139992028
4,Bodrum,70,3.8511790775277186,Kış,5.667055197991606,1943.4481868096836
1,Bodrum,15,0.1000570103012941,Yaz,3.212626982440603,1928.8348036676434
5,Ankara,82,2.141172559563232,Yaz,4.2232574487623005,720.9737932214458
5,Izmir,32,2.6602998873193835,Sonbahar,9.905548000458902,891.6883243114448
3,Antalya,75,0.36770865800476427,Kış,7.158828240328103,1822.4447594856044
5,Antalya,20,4.868082998564431,Bahar,9.540826003423012,1943.2577755233826
5,Ankara,88,1.2080141231233927,Sonbahar,2.28300899529804,1053.846474821275
5,Bodrum,15,1.5905737262177764,Sonbahar,4.439255273493123,845.6949775895263
5,Istanbul,48,1.5893183100496342,Yaz,5.992586229541189,1194.3598225276214
2,Ankara,71,1.2290416443750147,Bahar,1.6908225569986421,1469.2076508217492
2,Ankara,21,0.10722172822292594,Kış,1.0376869926516208,764.9066761374656
3,Izmir,42,3.6737894910311826,Bahar,7.033909004172258,1552.0043968524237
1,Antalya,26,4.837542949016498,Bahar,6.776375651212918,387.8175070948898
5,Ankara,14,1.199038068096721,Bahar,4.697099289996506,383.80063769950794
1,Ankara,57,3.3489312398367703,Bahar,5.4067966842882935,956.6890987474269
1,Bodrum,37,3.7352920020977045,Bahar,4.738987005328807,900.904426503225
3,Bodrum,58,4.257284357543571,Yaz,1.2160454036039998,836.5764661241589
5,Istanbul,21,2.170883065366685,Yaz,4.018344455957162,1134.7335965371472
5,Izmir,82,1.5843614376381034,Sonbahar,2.5937402985756086,845.2470899296711
4,Istanbul,69,1.6939461567128526,Yaz,1.8858177019123188,626.8384613957562
1,Bodrum,3,3.591844532182713,Sonbahar,9.610483905004148,826.0982334506216
1,Antalya,87,4.102219385877617,Sonbahar,6.3942375253794905,1957.3372637773994
2,Bodrum,90,0.9899084420073531,Kış,7.5579065581294245,998.8928088912426
4,Izmir,37,1.9176109399730497,Bahar,3.8382736893950575,1056.0117206591708
2,Bodrum,88,4.519506964070835,Yaz,4.538324165446137,1280.1264829169381
2,Izmir,49,4.0527982465042225,Kış,3.1323159450705114,1971.6793063041853
2,Izmir,19,4.925806173536132,Yaz,1.8726910386888227,710.7221699407971
3,Izmir,89,3.795816472442196,Sonbahar,2.611284736974254,1458.1795879051374
3,Izmir,85,2.026656485036819,Yaz,8.177626407668374,1517.173979020931
2,Izmir,12,2.9941253865737254,Bahar,7.097912246653983,1332.4515085482121
4,Antalya,61,3.33896984581187,Sonbahar,5.922359883869293,450.58317738229493
1,Istanbul,41,0.4844334999539074,Sonbahar,5.275808855800912,1450.68286890688
4,Ankara,33,2.768035099608939,Kış,9.30190855290512,408.9610087614983
5,Istanbul,50,3.5756720595157874,Bahar,1.6546145300080157,1313.4425042348248
3,Izmir,68,0.9198743896051959,Sonbahar,3.5254073191412436,1557.2880012769626
1,Antalya,71,3.9250954153852304,Bahar,4.149440682136427,658.6488140539157
1,Bodrum,86,2.9604866245191475,Yaz,8.04183230991509,1730.7574128227159
5,Antalya,33,4.765886749918214,Bahar,9.932631581457741,351.60146940610724
5,Izmir,81,0.30786926121376934,Sonbahar,3.1660346328143776,1734.4818682191203
2,Antalya,24,1.4000980740217883,Kış,8.868766007233726,1082.5593860927006
3,Antalya,61,3.047614008569138,Sonbahar,8.47560484388612,669.8994978837957
3,Izmir,61,1.5531435698090605,Bahar,3.0219165787758997,527.4228464897456
4,Antalya,98,3.6006784039490873,Bahar,4.593993221793003,1920.6221848900334
2,Ankara,28,3.8191258843574625,Sonbahar,4.687055823632672,423.5314988879664
2,Ankara,58,0.6023282239257248,Bahar,9.803986016739024,638.4588138910736
2,Antalya,43,2.6178868746131623,Yaz,2.628027112410085,891.2979906361782
2,Bodrum,41,2.593563722396174,Sonbahar,8.192421739943038,1354.3992432339048
3,Izmir,39,1.9094757740561514,Kış,4.007734427557989,1226.1618449693674
3,Ankara,86,4.671331826591393,Sonbahar,7.577833111985443,513.5939371009338
2,Bodrum,49,4.154780967378784,Yaz,4.780099038660966,792.5375723549648
4,Antalya,17,3.5163259713572206,Yaz,6.20523786804886,705.878010846241
1,Bodrum,98,3.600200515101488,Yaz,8.493505959935181,663.0228526335803
1,Istanbul,70,2.362409104684284,Yaz,8.237490084854958,998.945372015978
4,Ankara,70,4.612873153373222,Yaz,8.797808651857302,1496.8534694058167
2,Antalya,98,3.5035175935410985,Kış,1.5365559281019312,669.6699847693011
3,Izmir,65,3.672007202113501,Bahar,7.228454977357703,923.3540954950683
1,Antalya,74,4.322285428557992,Yaz,2.2598863904958657,964.5596256299758
5,Izmir,85,1.442950787776736,Yaz,4.742367112165699,1959.9761000401973
5,Antalya,5,4.054647428946844,Sonbahar,5.937295735492196,1922.932806694417
4,Bodrum,2,1.0566789544868112,Kış,4.624655362721477,1660.233890678529
2,Bodrum,22,1.7921755659999505,Kış,5.6765050822270675,710.8201653926149
1,Bodrum,57,1.7444912259222294,Bahar,9.968736779187573,415.66343395583846
2,Istanbul,66,4.894774795106788,Kış,2.2169558234156925,838.7370341250621
1,Izmir,74,4.297032396364841,Sonbahar,7.07910440802783,753.5507340375125
4,Bodrum,98,3.535732321792273,Sonbahar,4.564008697470537,1160.0738602488696
4,Istanbul,16,3.662578131915412,Bahar,2.197088190165959,1622.1374471152483
5,Izmir,51,2.8541566925725985,Sonbahar,2.428630870368786,1759.1489960940587
2,Antalya,39,4.740744268831744,Yaz,9.543457956210553,1736.2689451978645
5,Istanbul,86,2.5316678891235718,Yaz,8.916413470405859,911.4484540792153
2,Ankara,76,1.9645367783624834,Sonbahar,9.163377643735197,1468.298383883161
5,Istanbul,88,0.8988731509647959,Bahar,9.923794982446479,831.8181357911741
3,Istanbul,40,3.9524076960791845,Kış,2.8748385100766614,403.5394234998106
3,Izmir,38,3.6987752671703986,Bahar,4.198954036276556,1492.660951525002
3,Antalya,60,1.983339688768261,Kış,7.022971269323801,316.70683936863935
3,Ankara,59,0.22344772840022387,Sonbahar,5.354222858745826,995.6103986794305
1,Bodrum,10,4.211086905818252,Sonbahar,4.765505800405002,859.9447578135288
3,Bodrum,99,0.1559481189249608,Yaz,4.220301244020337,1478.741815482049
4,Istanbul,64,3.54812892018235,Kış,6.34402568749107,1602.617303692644
4,Izmir,63,4.85425983765768,Bahar,6.180340857760738,816.9608811511825
1,Izmir,49,2.2445405079261973,Sonbahar,2.453120506578161,1679.765924556251
3,Bodrum,64,1.2513696844801687,Bahar,5.2456585376659515,799.6584928583874
3,Ankara,32,3.5538679492125707,Yaz,5.981245985888649,1058.754811977154
3,Antalya,7,4.103927895876367,Kış,6.1325824485825144,1535.9314959240278
5,Ankara,21,2.777508548781452,Kış,2.890964736211166,1477.9643896821406
2,Antalya,20,4.838472848755116,Sonbahar,7.6804425302705805,1978.52640293074
5,Bodrum,26,0.35317673612400946,Kış,1.2267918533896267,682.7737411670842
2,Antalya,68,2.573498431692188,Sonbahar,4.193486699888464,1425.94045301729
3,Izmir,86,3.6204243418804958,Yaz,8.021913836820701,1336.4592440688216
3,Istanbul,15,4.326938308630977,Kış,6.075036289498621,1855.667372633051
5,Istanbul,85,0.9783524983481713,Sonbahar,3.350461892597742,565.8156407962877
5,Bodrum,79,4.020017060642039,Bahar,7.254578074087429,1578.056878097786
2,Izmir,86,2.808264671020872,Sonbahar,6.106518497404661,1266.056647656906
4,Ankara,92,2.0431130417508196,Kış,8.166192485107484,766.9319786394392
2,Izmir,14,0.7454036400375584,Yaz,7.61522667570841,1106.539354050196
5,Istanbul,27,4.339949218653671,Kış,6.490971298326112,867.4202150186562
5,Istanbul,40,0.8706387200806053,Kış,5.393599077797326,1284.8327847403834
1,Izmir,58,1.6179605101245864,Sonbahar,2.1986391310077105,1811.3010383849319
5,Izmir,28,1.521223106615941,Bahar,3.351997160968454,1267.8184735007435
1,Istanbul,26,4.369928767535186,Kış,4.771895256253767,1373.928111155193
4,Ankara,63,3.3962446716236006,Bahar,6.393693583057498,1181.871340095006
2,Bodrum,66,4.003738846237725,Sonbahar,5.6233706969377435,386.98136095730905
2,Bodrum,25,1.3272927040832452,Bahar,3.5936607336357653,695.8595466893603
1,Izmir,3,3.161883088074295,Sonbahar,1.058179220107395,1136.4029400345407
2,Bodrum,72,2.9015553174043687,Yaz,5.466152997107326,827.3999823659981
5,Istanbul,44,4.180868846262529,Bahar,3.570633897060188,608.9981161940302
3,Istanbul,97,4.539826596358177,Bahar,7.611474706394816,1157.025831261345
1,Izmir,42,0.15956818023919536,Yaz,1.2155163874343513,848.7766488613455
2,Izmir,99,3.4026976033880842,Bahar,6.263450301752118,738.7829933948051
1,Izmir,6,0.35399541568667225,Yaz,9.473268137554589,1088.7752096486474
1,Ankara,39,2.7894074588790443,Kış,2.5696834040034955,526.5832387396944
3,Bodrum,52,1.5094003723140235,Sonbahar,5.244845416755358,1877.1677462281925
5,Izmir,23,1.603205337658492,Yaz,1.8227979263542435,1775.0935664627063
1,Antalya,89,1.8294966669165473,Bahar,6.631137210352174,1502.95499575891
2,Antalya,50,3.14433300034309,Yaz,5.954785125366031,480.56350690037556
4,Istanbul,43,1.7368448317769694,Bahar,4.666289717915491,1618.991332598478
1,Bodrum,19,3.6902253478923743,Kış,5.692393193263671,1673.5274577853322
1,Izmir,69,2.0821841893119615,Yaz,9.069171926221092,1605.1998501143742
3,Antalya,51,0.4349306815187972,Kış,2.766648720799603,493.74200810271
5,Bodrum,11,3.9404232281721256,Sonbahar,1.203080605348125,1394.6435270152
4,Istanbul,12,1.5002157905042597,Bahar,8.75498396229191,1718.3521527739777
2,Ankara,74,2.2205577100363874,Bahar,6.1940537414911585,1281.5007820734352
4,Bodrum,8,3.4586750277873177,Kış,9.015926099156582,1398.8925378877514
2,Bodrum,24,1.729035170028689,Sonbahar,6.372507010718553,1079.2179150247205
5,Ankara,92,0.3772697151189066,Yaz,8.291449809637323,1198.8024438028895
2,Bodrum,41,1.9322131303627867,Yaz,4.8670602701963315,358.44065919793286
3,Istanbul,36,4.727798055202086,Bahar,7.748739381594419,1386.2371373545839
3,Istanbul,85,3.2444985467629355,Kış,9.217373202008703,438.4602619149706
3,Ankara,72,3.390247828469314,Kış,6.1491066734998565,1039.5248103783797
3,Izmir,55,3.1981825528244356,Yaz,2.627066355061416,797.5136660345934
4,Antalya,9,1.0750614809012404,Sonbahar,3.4191785352717834,1227.227515359912
5,Izmir,47,2.149835934101173,Sonbahar,2.787801192076652,526.8077703894521
2,Bodrum,15,3.77960501198026,Yaz,3.2217132483615964,1475.793783354641
2,Antalya,48,0.5967271980104799,Yaz,3.7577390441593272,1651.5196127783997
3,Ankara,82,1.4614786028395903,Kış,5.996204080778696,577.702564563366
3,Ankara,42,1.453963631482683,Sonbahar,6.291924665174495,477.33224849819965
1,Antalya,60,2.2168927452130798,Yaz,4.83849772517675,547.3763207385106
5,Istanbul,84,4.903806830616706,Yaz,6.538787018387519,1791.116855227453
4,Antalya,70,0.4307624787507275,Bahar,1.7341743305022934,1197.9217449858056
2,Bodrum,12,2.6416348724649157,Yaz,1.7900941335234397,1094.3436932127543
1,Istanbul,2,0.9788869418598313,Yaz,2.546465143218926,481.4100924740023
1,Ankara,7,4.856315072507746,Sonbahar,5.662697482363103,1404.245211486835
2,Antalya,80,0.6551871731645746,Kış,2.925952108284822,1775.5993062216528
4,Izmir,3,2.0776449115717974,Sonbahar,3.549559631433196,1707.91597784987
1,Izmir,3,3.7156364256895706,Kış,4.602815525556947,1364.293005267362
1,Bodrum,27,3.5523166973344824,Bahar,8.306795116093419,427.97381830784514
5,Izmir,40,2.171370320780268,Yaz,1.124759223215741,491.07494619922204
4,Antalya,33,1.7979684229683195,Bahar,6.8444093821296015,383.8252780867019
1,Antalya,92,2.048300654909066,Kış,7.019888779366168,737.7146680371977
4,Izmir,1,1.3949536894773327,Sonbahar,8.187902023209729,530.6244941726421
2,Antalya,8,1.1061313996633193,Sonbahar,9.39477645154282,742.0816684291376
3,Bodrum,32,2.4668945180385613,Bahar,1.1812406405436084,954.5986947222349
1,Istanbul,48,1.415815404731276,Kış,2.3840533496189455,1903.0707329209306
5,Bodrum,4,1.5085621579965258,Bahar,8.975541646503938,1337.6393016288764
2,Bodrum,94,3.31810471102533,Bahar,5.126667059683138,1719.4554356610358
4,Antalya,70,4.845832925329471,Yaz,6.0813157504011714,1507.5975512109649
2,Istanbul,19,3.057822282740938,Bahar,6.967244833508326,491.25532189527394
1,Antalya,32,0.4771993886183348,Yaz,7.111599440460736,1551.064690835713
4,Ankara,9,0.4703597078849282,Yaz,9.385663629848574,767.6680986505115
3,Antalya,12,4.761973782143273,Sonbahar,9.972544756705027,1386.4833398910007
2,Antalya,11,1.556724872505935,Yaz,7.481417148378462,879.6353551930805
1,Antalya,46,0.5511282318041296,Yaz,3.5849908828463573,1996.0428475499207
5,Istanbul,16,3.0353184770368697,Sonbahar,8.917771620649091,748.0375151445223
4,Antalya,1,3.1558790136223043,Bahar,1.4429882308668545,774.5218003162585
2,Istanbul,63,3.2776736185815722,Kış,3.079727675870466,1882.142834456077
2,Izmir,21,1.4102699365019526,Kış,9.076471457173433,341.8954878817485
3,Ankara,30,0.17404235265092768,Kış,3.3057236299541946,1484.3712793844347
3,Istanbul,13,4.8285753103269125,Bahar,2.9858595365957363,1533.0548642509928
5,Izmir,34,1.3293759238864025,Yaz,2.243127638262225,1721.8435815976788
5,Istanbul,4,3.412528811457483,Kış,8.732005818822248,1956.5468280854082
1,Istanbul,28,3.5624863624056773,Bahar,5.50052433271978,1958.523262566309
1,Ankara,95,3.08903634368948,Yaz,7.074038827487393,410.97048786298865
5,Bodrum,59,1.6332462316468765,Sonbahar,3.151597456675267,1697.1268486799343
5,Bodrum,27,1.4283716434439224,Kış,7.822363789100948,1398.7268872175482
4,Istanbul,69,3.0285745852432457,Yaz,7.840049904658886,1400.481628434255
3,Antalya,25,4.343868604697288,Kış,3.8133822241747013,518.1948752449812
1,Izmir,3,4.738995271724638,Kış,4.696143697092546,1405.3181829576106
3,Antalya,97,0.6189384415784124,Kış,2.8872124968718076,1970.2203870221213
3,Antalya,68,0.8586602017288273,Yaz,9.789049209906139,1850.0915682170598
5,Istanbul,25,4.72920766803709,Bahar,6.810423193525705,1046.522123368246
4,Istanbul,20,3.709022618840484,Yaz,9.41089492643964,367.91155458636035
2,Istanbul,34,4.426669741665888,Kış,3.7304698926621986,915.8989330003482
4,Istanbul,26,1.0928999072631815,Yaz,8.037018216972008,1704.863529720944
4,Bodrum,5,2.9791707684360693,Sonbahar,7.892727794962678,1492.5484724907822
3,Istanbul,99,3.535584012645621,Bahar,7.224900866798874,1080.884214509726
4,Bodrum,61,3.4325482386901665,Yaz,9.690750777401204,393.67260977001285
1,Bodrum,92,2.099943285246821,Sonbahar,4.54199802495684,1025.7210372996144
3,Istanbul,93,0.17543496928741154,Bahar,2.1764559123078158,1097.3423975204018
1,Ankara,9,2.9563376783408897,Sonbahar,7.045379733196547,1878.544405920031
2,Izmir,50,1.3401975419800831,Bahar,7.563788204294855,1389.8463760896711
3,Antalya,6,2.3062458061001627,Yaz,6.175545161129332,829.8099583129031
2,Bodrum,83,4.792146973910705,Sonbahar,2.8613610382005663,1193.0410495662263
3,Izmir,60,2.05527305644793,Kış,5.540103475024198,412.2940232976721
5,Ankara,44,4.215027872655691,Sonbahar,3.8097076291221645,1953.3660006045527
4,Antalya,11,1.0238489681713308,Bahar,4.8471987535002015,912.1018332822342
5,Antalya,66,3.3950564403226418,Yaz,6.8069671826019755,1112.374503352331
2,Bodrum,47,4.887334076750823,Bahar,7.706932684217511,903.9827562027684
4,Istanbul,73,0.5992761942773903,Sonbahar,3.090022218112088,1460.2699411975402
3,Ankara,85,0.14076771691324086,Sonbahar,4.64792824582258,1425.794669160308
4,Bodrum,88,2.2245556838998106,Kış,3.4224541389246625,1516.0479278995306
1,Ankara,98,0.5538648669516993,Yaz,2.787684524756822,755.8434903402654
4,Istanbul,86,3.767083313413534,Yaz,8.050484979962546,836.6364179789122
1,Istanbul,3,4.5812884528579385,Sonbahar,9.183274249932932,512.9270928635535
4,Bodrum,76,2.2267027662729184,Yaz,4.3320896711611905,1414.3669521383913
1,Istanbul,92,1.3676870465616608,Kış,7.761510319363902,367.6551164706093
2,Izmir,30,2.228576263132388,Bahar,9.0729576042797,1316.0599703898804
5,Antalya,90,3.6448943074650053,Yaz,8.615117894772084,1778.4830042477774
3,Bodrum,21,0.1443653917438178,Sonbahar,2.6453204968530333,1814.414652092377
4,Ankara,28,2.9883245484750165,Bahar,9.606626933620252,1063.3641926289347
5,Izmir,90,3.1051292559481576,Bahar,4.390087963865162,1080.8162699622253
3,Bodrum,62,3.2246724097900845,Kış,4.0531659505645266,430.8476111136295
3,Istanbul,33,1.2859081919062985,Sonbahar,1.561881945500023,1440.3005432531606
1,Istanbul,85,3.5988583445528213,Yaz,5.375562886943947,1696.1410146338374
2,Istanbul,35,0.5478182830257045,Sonbahar,1.9811225407683584,715.9135928280122
2,Istanbul,52,1.0764246486873241,Bahar,3.236858388346834,1016.21149877672
5,Ankara,34,4.399603228606962,Sonbahar,3.8524835959055324,1726.0268725009596
2,Izmir,41,3.7197434385601755,Yaz,8.279436911425156,1791.1047950258896
4,Antalya,51,0.16735321465559175,Yaz,8.879397853563068,713.4059664491841
2,Ankara,47,1.3170436758120212,Kış,3.722196857153227,1235.9700787203192
5,Ankara,82,1.1505917666665064,Yaz,8.728283091201165,627.238356080906
2,Antalya,58,1.4269510073811658,Yaz,8.71507843632812,473.1938990372461
4,Antalya,75,1.3130428743714435,Sonbahar,7.881858553463862,1848.9048523663278
1,Istanbul,57,0.40637884913994415,Sonbahar,2.320256026136634,1694.8627571945856
5,Ankara,23,2.34880853132442,Bahar,7.212905622106561,1592.0593330653955
1,Bodrum,48,3.6903940264522093,Kış,9.505216581225119,382.90274198233874
1,Antalya,22,3.072985451115439,Sonbahar,7.1428643089044135,1734.3389476074376
1,Antalya,17,3.3970711761305914,Yaz,3.984551641970506,1044.6749290391524
3,Izmir,69,0.4976309748275719,Bahar,5.505213856877481,882.0717096029614
3,Bodrum,11,4.762304479866257,Sonbahar,6.811525390159483,1229.00981374314
1,Bodrum,94,4.2086099858308215,Kış,5.595133678556532,455.3005126300449
5,Antalya,15,4.044942560628748,Kış,2.0795764755787283,1586.299133899078
4,Istanbul,91,4.1326206447046605,Bahar,3.808576401868186,1290.1396307101031
4,Izmir,35,4.670281489850531,Bahar,8.221564274982693,617.2031646843848
2,Bodrum,33,2.766844433957119,Bahar,8.752762414859657,619.9947396073775
5,Antalya,84,1.081381887551367,Bahar,2.2357002944401323,613.2227076735462
3,Bodrum,16,3.122239678477452,Bahar,9.571480771588522,396.90405883828777
1,Izmir,34,3.7401193189729014,Yaz,3.959403560637484,1299.2573639318641
2,Izmir,66,3.715795227434725,Yaz,6.96082364857648,1728.5919019004639
4,Ankara,99,2.655100218417713,Sonbahar,7.766426313610131,329.7469637785606
3,Antalya,40,0.4354477247345325,Kış,8.30751611174095,383.30789645116505
3,Izmir,28,1.9184533983076266,Yaz,9.511747320033372,1273.7094703678079
1,Ankara,47,4.6117563814704505,Yaz,3.8162759322594035,1693.142665156289
4,Ankara,39,2.963799657811388,Yaz,8.72655809096399,855.4561139666771
5,Bodrum,70,2.737826521952996,Sonbahar,2.185182130925863,894.3444779731277
3,Bodrum,73,1.4173822204727484,Bahar,7.345368157182334,1313.7890457445192
1,Ankara,20,1.9053997075912368,Sonbahar,7.677799565625873,766.1619115110499
5,Bodrum,1,4.487195836850529,Kış,7.099509170811884,345.23422233206304
4,Izmir,72,3.3656689328814955,Kış,3.270832625216377,1549.8884807727134
3,Istanbul,87,3.9581964310864315,Kış,8.857388323136831,1363.6048520004704
5,Izmir,63,2.3262925730315103,Kış,2.519726170333555,1287.2851983946205
5,Ankara,67,3.188211375335174,Yaz,1.4827131236874775,1560.8630192860994
5,Ankara,4,1.317079682841717,Yaz,7.457184915507209,1447.8924238554637
3,Izmir,58,3.556758068389083,Sonbahar,5.279281437094603,649.999379903146
3,Bodrum,25,2.195246535146353,Bahar,8.641882179628084,899.2177798036969
2,Bodrum,47,2.2684730225922536,Kış,4.45057426952433,514.3872408536624
4,Ankara,38,3.2816793904267203,Sonbahar,2.5145072965694153,520.7569228103978
1,Antalya,15,4.687775045197741,Yaz,8.527979732228827,1449.5327688061168
5,Bodrum,63,0.41363109838224255,Yaz,5.940186684760645,1759.620181870247
2,Izmir,21,4.141241863000337,Bahar,2.702762131513194,1936.6453925639364
1,Bodrum,99,1.5326772410197465,Bahar,7.4834559872780115,1368.1900998340554
2,Izmir,57,2.2752053270812516,Bahar,5.600022746405505,612.9722497136269
3,Ankara,53,0.20737531099754392,Sonbahar,6.438816840162878,479.6055872631822
5,Bodrum,46,1.575125781388134,Yaz,5.148085043859237,1681.8466516124881
1,Izmir,14,2.56289308888764,Yaz,8.458380854362058,1283.8860098119987
1,Ankara,76,0.3752627790024512,Bahar,8.466064441147449,1351.0845357233238
1,Antalya,17,2.5063690739775093,Kış,7.384499396419476,1628.4855508830058
1,Izmir,39,4.642842081406294,Bahar,1.9486123965681603,1495.5712871451676
1,Antalya,9,0.6164267687282456,Sonbahar,8.54968475713662,1718.5790298553643
2,Antalya,99,3.8457595675699716,Bahar,7.039116824796189,395.5636392817934
5,Istanbul,77,2.107388161542364,Bahar,7.273217494038695,1570.7850824690581
3,Bodrum,79,3.3103512011692566,Sonbahar,4.266845563634845,1746.4496874475622
3,Izmir,82,1.375159330127624,Bahar,8.913516005413062,786.4295721791343
3,Antalya,97,0.8815120864526557,Yaz,7.528344402113717,1388.76036578853
3,Istanbul,6,0.8862668099290095,Kış,2.01331419876275,834.0755085228526
2,Ankara,91,0.4454105336514088,Bahar,4.670002309655464,1928.5508130201717
4,Izmir,23,1.009668854016091,Sonbahar,8.977423257641275,356.8200731403564
5,Antalya,59,3.3546749864459446,Kış,1.4247703152764108,1285.6478345160235
1,Bodrum,91,4.42028399803319,Sonbahar,9.652749576778445,583.0560299841757
4,Istanbul,98,4.089215859396693,Kış,7.112463114876065,1510.7743488011697
3,Antalya,46,3.4571581183849722,Kış,6.682383798790389,599.0134818117256
4,Bodrum,38,0.6411161307144031,Bahar,3.4350333083919224,700.1515452272079
5,Antalya,14,1.5170184868501544,Yaz,3.2391260986525934,1140.4303787777887
1,Izmir,72,1.6180536890800983,Bahar,9.478523975397358,1855.2194149946927
1,Izmir,62,1.3247890373483442,Sonbahar,3.6844520881071046,659.9144326515504
5,Izmir,35,2.6235277325776436,Sonbahar,7.9795476704709944,545.2080359007759
5,Istanbul,19,2.724213692910396,Kış,4.538096183863712,1590.260614151852
3,Izmir,30,1.8487412783384403,Kış,2.253286637062336,1151.0532049676826
1,Bodrum,78,1.8335668778085368,Yaz,1.0964376792582304,1850.0346910490114
4,Antalya,84,4.159922429739798,Bahar,5.898316033137258,549.2447471717319
2,Ankara,25,3.96753495676646,Sonbahar,9.782009366940393,1398.0774181391669
2,Bodrum,40,1.608199575235654,Kış,4.32222574428284,695.8945484580856
5,Bodrum,88,4.57756337497897,Yaz,4.214731005937404,566.4927287077868
3,Izmir,14,4.76879358331228,Sonbahar,4.096824560644979,1461.8300057673598
2,Istanbul,26,1.7010384559472003,Kış,5.684894535743726,1309.2638538448464
1,Antalya,87,1.836682249085969,Sonbahar,4.965983950818642,1583.206679215963
5,Istanbul,22,2.5776073517675986,Yaz,8.919231640543131,826.0863799585101
4,Antalya,48,4.7114919814150005,Yaz,5.549687125511412,1061.551815849723
5,Antalya,83,4.393965222397327,Sonbahar,5.569820543697119,989.3018497617114
4,Istanbul,51,0.60258301665959,Bahar,2.2453443524850094,1972.9520887430742
5,Bodrum,3,2.0243806420299397,Sonbahar,9.844655868193474,796.8232264569594
5,Antalya,42,2.8115188297738825,Kış,3.2497560178194673,801.1893051895037
5,Istanbul,19,2.5653491155025465,Bahar,1.6602766071364239,902.7319550086326
4,Antalya,73,1.0499290328907742,Kış,6.968316240776879,1259.8099381935467
4,Ankara,28,4.308202178723958,Sonbahar,6.358297331411854,728.948665248367
5,Bodrum,84,3.417009836684503,Bahar,4.736310885934712,1855.9928986447655
2,Izmir,45,4.2057510367738375,Kış,4.799730104926103,751.6654602726479
3,Antalya,71,4.307944968812413,Sonbahar,8.06557528941788,1822.886743652331
3,Ankara,78,3.766943682962125,Sonbahar,2.7614137608968417,475.9076081991939
3,Izmir,63,2.2521319461236153,Bahar,8.382279870504007,1416.156594079409
4,Izmir,73,3.0916790995755807,Sonbahar,6.838724025055163,1841.8753813450144
4,Antalya,19,0.8857904899867415,Yaz,4.77072796401572,586.8740452769903
2,Istanbul,47,3.400862545627048,Kış,5.122257549254818,1946.1558321687335
3,Antalya,14,0.9783409531224757,Kış,3.3098248646748623,1069.9017127063698
3,Ankara,38,3.5003529934997686,Sonbahar,7.769028994272773,1907.7156843497417
5,Izmir,53,1.2250309876944465,Sonbahar,5.61587268074741,1450.59407417108
4,Antalya,61,0.6760013707360779,Yaz,3.8876908847485923,812.6976787850376
3,Istanbul,36,0.9098940017004914,Bahar,6.364451041848552,620.114292359081
2,Antalya,40,0.10976146257344432,Sonbahar,9.961610068461907,816.349578582669
2,Bodrum,81,3.6218241274822986,Sonbahar,4.9173605169089845,458.12959574654747
3,Istanbul,30,3.688765140386058,Sonbahar,9.286222607007575,544.5755427836606
4,Ankara,9,2.6231734145749717,Sonbahar,4.105151559321095,477.92274858901794
2,Izmir,64,0.8906777251713801,Kış,1.492594362324873,1019.0040243606481
5,Antalya,33,0.5094162538023798,Sonbahar,2.83817895731586,1652.483239637897
2,Istanbul,52,0.19373193554270635,Kış,4.768256289949158,540.3520421677783
1,Bodrum,89,0.9121660671295815,Sonbahar,2.976714357351121,521.544736392971
1,Istanbul,14,4.465192121417419,Bahar,1.0020433439642997,1393.8292141794623
4,Bodrum,75,1.2835305243382409,Yaz,9.235013839727745,635.2110693457126
3,Ankara,53,1.835929503364357,Bahar,8.59491470107836,465.9370647852857
